<?xml version='1.0'?>
<!DOCTYPE refentry PUBLIC "-//OASIS//DTD DocBook XML V4.5//EN"
  "http://www.oasis-open.org/docbook/xml/4.2/docbookx.dtd">
<!-- SPDX-License-Identifier: LGPL-2.1-or-later -->

<refentry id="sd_bus_message_rewind"
          xmlns:xi="http://www.w3.org/2001/XInclude">

  <refentryinfo>
    <title>sd_bus_message_rewind</title>
    <productname>systemd</productname>
  </refentryinfo>

  <refmeta>
    <refentrytitle>sd_bus_message_rewind</refentrytitle>
    <manvolnum>3</manvolnum>
  </refmeta>

  <refnamediv>
    <refname>sd_bus_message_rewind</refname>

    <refpurpose>Return to beginning of message or current container</refpurpose>
  </refnamediv>

  <refsynopsisdiv>
    <funcsynopsis>
      <funcsynopsisinfo>#include &lt;systemd/sd-bus.h&gt;</funcsynopsisinfo>

      <funcprototype>
        <funcdef>int <function>sd_bus_message_rewind</function></funcdef>
        <paramdef>sd_bus_message *<parameter>m</parameter></paramdef>
        <paramdef>int <parameter>complete</parameter></paramdef>
      </funcprototype>
    </funcsynopsis>
  </refsynopsisdiv>

  <refsect1>
    <title>Description</title>

    <para><function>sd_bus_message_rewind()</function> moves the "read pointer" in the message
    <parameter>m</parameter> to either the beginning of the message (if
    <parameter>complete</parameter> is true) or to the beginning of the currently open container. If
    no container is open, <parameter>complete</parameter> has no effect.</para>
  </refsect1>

  <refsect1>
    <title>Return Value</title>

    <para>
      On success, this function returns 0 or a positive integer. The value is zero if the current
      container or whole message in case no container is open is empty, and positive otherwise. On
      failure, it returns a negative errno-style error code.
    </para>

    <refsect2>
      <title>Errors</title>

      <para>Returned errors may indicate the following problems:</para>

      <variablelist>
        <varlistentry>
          <term><constant>-EINVAL</constant></term>

          <listitem><para>The <parameter>m</parameter> parameter is <constant>NULL</constant>.</para></listitem>
        </varlistentry>

        <varlistentry>
          <term><constant>-EPERM</constant></term>

          <listitem><para>The message <parameter>m</parameter> has not been sealed.</para></listitem>
        </varlistentry>
      </variablelist>
    </refsect2>
  </refsect1>

  <xi:include href="libsystemd-pkgconfig.xml" />

  <refsect1>
    <title>See Also</title>

    <para>
      <citerefentry><refentrytitle>systemd</refentrytitle><manvolnum>1</manvolnum></citerefentry>,
      <citerefentry><refentrytitle>sd-bus</refentrytitle><manvolnum>3</manvolnum></citerefentry>,
      <citerefentry><refentrytitle>sd_bus_message_read</refentrytitle><manvolnum>3</manvolnum></citerefentry>
    </para>
  </refsect1>

</refentry>
